dataset_id,window_seconds,half_life_seconds,lambda_value,score_index,source_window_end_index,t2_score
N3,10,15,0.045158,0,109,0.3312741614075928
N3,10,15,0.045158,1,110,0.3576703922362796
N3,10,15,0.045158,2,111,0.6240499786320797
N3,10,15,0.045158,3,112,1.0785766948172697
N3,10,15,0.045158,4,113,1.3248663573851127
N3,10,15,0.045158,5,114,1.7404143585212446
N3,10,15,0.045158,6,115,1.7883262313696848
N3,10,15,0.045158,7,116,2.0328515871412076
N3,10,15,0.045158,8,117,1.5465873891395654
N3,10,15,0.045158,9,118,1.3229727199900172
N3,10,15,0.045158,10,119,1.2286893238037748
N3,10,15,0.045158,11,120,1.2600078685887797
N3,10,15,0.045158,12,121,1.5677336389501433
N3,10,15,0.045158,13,122,1.22571562611278
N3,10,15,0.045158,14,123,0.9586144906383304
N3,10,15,0.045158,15,124,0.8160254115165047
N3,10,15,0.045158,16,125,0.7066477722181089
N3,10,15,0.045158,17,126,0.5999742466263331
N3,10,15,0.045158,18,127,0.5025301236513972
N3,10,15,0.045158,19,128,0.578340276405172
N3,10,15,0.045158,20,129,0.6052755207186356
N3,10,15,0.045158,21,130,0.7352285866843622
N3,10,15,0.045158,22,131,0.8081520900141054
N3,10,15,0.045158,23,132,1.5801038712231001
N3,10,15,0.045158,24,133,1.723832802296997
N3,10,15,0.045158,25,134,1.865498483522666
N3,10,15,0.045158,26,135,2.0048496291835507
N3,10,15,0.045158,27,136,2.1504095425436
N3,10,15,0.045158,28,137,1.8777721845793098
N3,10,15,0.045158,29,138,1.6783336878973434
N3,10,15,0.045158,30,139,1.277640392207435
N3,10,15,0.045158,31,140,1.1840416386355939
N3,10,15,0.045158,32,141,1.52216347454419
N3,10,15,0.045158,33,142,2.243220384892349
N3,10,15,0.045158,34,143,2.4575997531444282
N3,10,15,0.045158,35,144,2.733161049285666
N3,10,15,0.045158,36,145,3.0455951155584904
N3,10,15,0.045158,37,146,3.41304670630329
N3,10,15,0.045158,38,147,3.4758703913050826
N3,10,15,0.045158,39,148,3.9863126376004874
N3,10,15,0.045158,40,149,3.8969434395168316
N3,10,15,0.045158,41,150,3.9961869422911187
N3,10,15,0.045158,42,151,4.23703059106986
N3,10,15,0.045158,43,152,4.6053311905175685
N3,10,15,0.045158,44,153,5.060336809166834
N3,10,15,0.045158,45,154,5.49385189839777
N3,10,15,0.045158,46,155,6.357115509216851
N3,10,15,0.045158,47,156,7.427114597085717
N3,10,15,0.045158,48,157,8.371645043485216
N3,10,15,0.045158,49,158,8.970557563330832
N3,10,15,0.045158,50,159,9.650350331647466
N3,10,15,0.045158,51,160,10.377666993615849
N3,10,15,0.045158,52,161,11.092528854199804
N3,10,15,0.045158,53,162,11.479960816822816
N3,10,15,0.045158,54,163,11.912940398362906
N3,10,15,0.045158,55,164,12.41060694586584
N3,10,15,0.045158,56,165,12.095203880234788
N3,10,15,0.045158,57,166,11.797462909324294
N3,10,15,0.045158,58,167,11.580519061579604
N3,10,15,0.045158,59,168,11.266720840337461
N3,10,15,0.045158,60,169,10.770344413573818
N3,10,15,0.045158,61,170,10.12819654097133
N3,10,15,0.045158,62,171,9.434228861687835
N3,10,15,0.045158,63,172,7.9939476549109845
N3,10,15,0.045158,64,173,6.867954305138228
N3,10,15,0.045158,65,174,5.910527536044109
N3,10,15,0.045158,66,175,5.1132039273124485
N3,10,15,0.045158,67,176,4.5141570008787495
N3,10,15,0.045158,68,177,3.924137055635593
N3,10,15,0.045158,69,178,3.555642828789475
N3,10,15,0.045158,70,179,3.3704623198780177
N3,10,15,0.045158,71,180,3.2594850887863713
N3,10,15,0.045158,72,181,3.256195634040181
N3,10,15,0.045158,73,182,2.7492870588161185
N3,10,15,0.045158,74,183,2.3125645280105864
N3,10,15,0.045158,75,184,1.939007018360131
N3,10,15,0.045158,76,185,1.6203052522291594
N3,10,15,0.045158,77,186,1.3488681324589633
N3,10,15,0.045158,78,187,1.1378459803099163
N3,10,15,0.045158,79,188,1.00553342362764
N3,10,15,0.045158,80,189,0.9386989468932571
N3,10,15,0.045158,81,190,0.9325650190728174
N3,10,15,0.045158,82,191,0.8858849632769987
N3,10,15,0.045158,83,192,0.7546033034656375
N3,10,15,0.045158,84,193,0.7676380821383364
N3,10,15,0.045158,85,194,0.8090728133242875
N3,10,15,0.045158,86,195,0.7695677163872703
N3,10,15,0.045158,87,196,0.7186943121624697
N3,10,15,0.045158,88,197,0.7232197383656315
N3,10,15,0.045158,89,198,0.5990895573468673
N3,10,15,0.045158,90,199,0.6083349462718044
N3,10,15,0.045158,91,200,0.7118358111577011
N3,10,15,0.045158,92,201,0.8402341534157771
N3,10,15,0.045158,93,202,0.986204226918026
N3,10,15,0.045158,94,203,1.5262316537158438
N3,10,15,0.045158,95,204,2.4510182883475133
N3,10,15,0.045158,96,205,2.41648891797532
N3,10,15,0.045158,97,206,2.3982513952949445
N3,10,15,0.045158,98,207,2.8403171203468203
N3,10,15,0.045158,99,208,2.6800450852825355
N3,10,15,0.045158,100,209,2.27917191542382
N3,10,15,0.045158,101,210,1.9658349287174213
N3,10,15,0.045158,102,211,1.744455710224189
N3,10,15,0.045158,103,212,1.2738178723848645
N3,10,15,0.045158,104,213,0.5780227811385116
N3,10,15,0.045158,105,214,0.3548851703740932
N3,10,15,0.045158,106,215,0.26181390263594156
N3,10,15,0.045158,107,216,0.2550826662258341
N3,10,15,0.045158,108,217,0.3248140623975293
N3,10,15,0.045158,109,218,0.28889115944535393
N3,10,15,0.045158,110,219,0.2893851788989116
N3,10,15,0.045158,111,220,0.37291407143218597
N3,10,15,0.045158,112,221,0.4488743835945728
N3,10,15,0.045158,113,222,0.3788688562883298
N3,10,15,0.045158,114,223,0.31796641917761337
N3,10,15,0.045158,115,224,0.2858031124688715
N3,10,15,0.045158,116,225,0.26818567750953226
N3,10,15,0.045158,117,226,0.2678606891599782
N3,10,15,0.045158,118,227,0.36272740238508855
N3,10,15,0.045158,119,228,0.6354005737025348
N3,10,15,0.045158,120,229,1.0683845281989621
N3,10,15,0.045158,121,230,1.6440768384885724
N3,10,15,0.045158,122,231,2.316219017274615
N3,10,15,0.045158,123,232,2.1592488835995933
N3,10,15,0.045158,124,233,1.7329716411578873
N3,10,15,0.045158,125,234,1.4431295420149088
N3,10,15,0.045158,126,235,1.2606831360053143
N3,10,15,0.045158,127,236,1.1932012529889862
N3,10,15,0.045158,128,237,0.7579802669810384
N3,10,15,0.045158,129,238,0.6544725423743029
N3,10,15,0.045158,130,239,0.7405705979939962
N3,10,15,0.045158,131,240,0.997013316114409
N3,10,15,0.045158,132,241,1.41001751874712
N3,10,15,0.045158,133,242,1.9743400565766798
N3,10,15,0.045158,134,243,2.8239553855114865
N3,10,15,0.045158,135,244,3.8866817652300236
N3,10,15,0.045158,136,245,5.181074594623297
N3,10,15,0.045158,137,246,6.6364408829831945
N3,10,15,0.045158,138,247,6.403547550279004
N3,10,15,0.045158,139,248,5.332822682979295
N3,10,15,0.045158,140,249,4.534547115983373
N3,10,15,0.045158,141,250,3.851056484441896
N3,10,15,0.045158,142,251,3.311350965416051
N3,10,15,0.045158,143,252,2.9049423265586114
N3,10,15,0.045158,144,253,2.65228502856687
N3,10,15,0.045158,145,254,2.5429265243347348
N3,10,15,0.045158,146,255,2.053363606959015
N3,10,15,0.045158,147,256,1.6602042821335097
N3,10,15,0.045158,148,257,1.2164798757072823
N3,10,15,0.045158,149,258,0.9614172944230331
N3,10,15,0.045158,150,259,0.9094287519636729
N3,10,15,0.045158,151,260,1.1014782606521136
N3,10,15,0.045158,152,261,1.3513999368360745
N3,10,15,0.045158,153,262,1.7356733560934703
N3,10,15,0.045158,154,263,1.7482130136402156
N3,10,15,0.045158,155,264,1.822845318172126
N3,10,15,0.045158,156,265,1.2138210452531026
N3,10,15,0.045158,157,266,0.8014370583699084
N3,10,15,0.045158,158,267,0.4561411473120941
N3,10,15,0.045158,159,268,0.5028248390803757
N3,10,15,0.045158,160,269,0.8530575728646386
N3,10,15,0.045158,161,270,1.4360533174221715
N3,10,15,0.045158,162,271,1.4769030152146154
N3,10,15,0.045158,163,272,1.2684232564985747
N3,10,15,0.045158,164,273,1.1900799703176725
N3,10,15,0.045158,165,274,1.1949765839988218
N3,10,15,0.045158,166,275,1.3809383244407902
N3,10,15,0.045158,167,276,1.708605317522217
N3,10,15,0.045158,168,277,1.9261008382168165
N3,10,15,0.045158,169,278,1.8919005780029285
N3,10,15,0.045158,170,279,1.9132031457276915
N3,10,15,0.045158,171,280,2.0272599769810946
N3,10,15,0.045158,172,281,1.657773263195193
N3,10,15,0.045158,173,282,1.7464742262424138
N3,10,15,0.045158,174,283,2.088923266268662
N3,10,15,0.045158,175,284,2.8220386600462195
N3,10,15,0.045158,176,285,3.8786267119228395
N3,10,15,0.045158,177,286,5.170624673626845
N3,10,15,0.045158,178,287,5.8651308233499435
N3,10,15,0.045158,179,288,5.403687095247056
N3,10,15,0.045158,180,289,4.927358599771574
N3,10,15,0.045158,181,290,4.477156050082177
N3,10,15,0.045158,182,291,4.0347405813844075
N3,10,15,0.045158,183,292,3.7610864935152524
N3,10,15,0.045158,184,293,3.4938864053073218
N3,10,15,0.045158,185,294,3.4972788290377967
N3,10,15,0.045158,186,295,3.693633498918587
N3,10,15,0.045158,187,296,4.064388713839604
N3,10,15,0.045158,188,297,4.34195816960523
N3,10,15,0.045158,189,298,4.361465506911657
N3,10,15,0.045158,190,299,4.29865939984594
N3,10,15,0.045158,191,300,4.154946926478605
N3,10,15,0.045158,192,301,3.993816314886366
N3,10,15,0.045158,193,302,4.063802663480554
N3,10,15,0.045158,194,303,3.7961795866631602
N3,10,15,0.045158,195,304,4.257061119956122
N3,10,15,0.045158,196,305,4.6810958877693
N3,10,15,0.045158,197,306,5.181260504964747
N3,10,15,0.045158,198,307,5.764324570797884
N3,10,15,0.045158,199,308,5.9637354933803834
N3,10,15,0.045158,200,309,6.248020684290735
N3,10,15,0.045158,201,310,6.578752874779923
N3,10,15,0.045158,202,311,6.97631647919145
N3,10,15,0.045158,203,312,5.574549181294248
N3,10,15,0.045158,204,313,4.995562620605613
N3,10,15,0.045158,205,314,3.832750387422063
N3,10,15,0.045158,206,315,2.986285648101024
N3,10,15,0.045158,207,316,2.4191773225905284
N3,10,15,0.045158,208,317,2.2053698317561343
N3,10,15,0.045158,209,318,1.9002070391315973
N3,10,15,0.045158,210,319,1.6527337014635604
N3,10,15,0.045158,211,320,1.4444150914550702
N3,10,15,0.045158,212,321,1.4924182630961709
N3,10,15,0.045158,213,322,1.7200956975603023
N3,10,15,0.045158,214,323,1.8050082272753931
N3,10,15,0.045158,215,324,1.8535211709473391
N3,10,15,0.045158,216,325,1.7113369965588654
N3,10,15,0.045158,217,326,1.5050216614389837
N3,10,15,0.045158,218,327,1.0968657178899321
N3,10,15,0.045158,219,328,1.0582174534273894
N3,10,15,0.045158,220,329,1.085795364745845
N3,10,15,0.045158,221,330,1.1535462984031806
N3,10,15,0.045158,222,331,0.8333457870477123
N3,10,15,0.045158,223,332,0.7290604265080989
N3,10,15,0.045158,224,333,0.709973939440261
N3,10,15,0.045158,225,334,0.8191609428745098
N3,10,15,0.045158,226,335,0.9617302804237298
N3,10,15,0.045158,227,336,1.113084991782692
N3,10,15,0.045158,228,337,1.1806702146399732
N3,10,15,0.045158,229,338,1.313124102208905
N3,10,15,0.045158,230,339,1.4136650446062085
N3,10,15,0.045158,231,340,1.5001428179935985
N3,10,15,0.045158,232,341,1.5756001619907056
N3,10,15,0.045158,233,342,1.555038762933564
N3,10,15,0.045158,234,343,1.540518227002185
N3,10,15,0.045158,235,344,1.5260074979290565
N3,10,15,0.045158,236,345,1.5229314850834008
N3,10,15,0.045158,237,346,1.531097402825515
N3,10,15,0.045158,238,347,1.3141631127750895
N3,10,15,0.045158,239,348,1.0583655693763112
N3,10,15,0.045158,240,349,0.9704696849493835
N3,10,15,0.045158,241,350,1.0367202027900162
N3,10,15,0.045158,242,351,1.2204621300852905
N3,10,15,0.045158,243,352,1.4254077200300017
N3,10,15,0.045158,244,353,2.153468662968522
N3,10,15,0.045158,245,354,2.0535835761760897
N3,10,15,0.045158,246,355,1.9751106618317298
N3,10,15,0.045158,247,356,1.952045512838084
N3,10,15,0.045158,248,357,2.3611824148172342
N3,10,15,0.045158,249,358,2.1884968607232542
N3,10,15,0.045158,250,359,2.165717810237643
N3,10,15,0.045158,251,360,2.198181968183481
N3,10,15,0.045158,252,361,2.2580858538485
N3,10,15,0.045158,253,362,2.0559039845138503
N3,10,15,0.045158,254,363,1.9473234084123172
N3,10,15,0.045158,255,364,2.0579741581994835
N3,10,15,0.045158,256,365,2.1985430332790767
N3,10,15,0.045158,257,366,2.356318033128974
N3,10,15,0.045158,258,367,1.8838341142154085
N3,10,15,0.045158,259,368,2.2131875178641636
N3,10,15,0.045158,260,369,2.7051705967456785
N3,10,15,0.045158,261,370,2.575899834368843
N3,10,15,0.045158,262,371,2.701084022169045
N3,10,15,0.045158,263,372,3.050196638558127
N3,10,15,0.045158,264,373,2.9619546975240185
N3,10,15,0.045158,265,374,3.3721527984809674
N3,10,15,0.045158,266,375,4.4004274570596085
N3,10,15,0.045158,267,376,5.926477921738787
N3,10,15,0.045158,268,377,6.130066205404877
N3,10,15,0.045158,269,378,6.624838189659304
N3,10,15,0.045158,270,379,7.136894018242852
N3,10,15,0.045158,271,380,7.280937257891065
N3,10,15,0.045158,272,381,7.578454633517252
N3,10,15,0.045158,273,382,8.009589268602648
N3,10,15,0.045158,274,383,8.318552542285593
N3,10,15,0.045158,275,384,9.346836764145609
N3,10,15,0.045158,276,385,10.44117003683763
N3,10,15,0.045158,277,386,11.329126553412458
N3,10,15,0.045158,278,387,11.697160584856796
N3,10,15,0.045158,279,388,10.891911256305944
N3,10,15,0.045158,280,389,9.588935924785892
N3,10,15,0.045158,281,390,8.433132523391121
N3,10,15,0.045158,282,391,7.622453593779506
N3,10,15,0.045158,283,392,6.603314955766717
N3,10,15,0.045158,284,393,5.738065908815513
N3,10,15,0.045158,285,394,5.1237902400826725
N3,10,15,0.045158,286,395,4.591325697151614
N3,10,15,0.045158,287,396,4.125375106366887
N3,10,15,0.045158,288,397,4.172355201278129
N3,10,15,0.045158,289,398,4.706900402090874
N3,10,15,0.045158,290,399,5.529009231947265
N3,10,15,0.045158,291,400,6.566291633159472
N3,10,15,0.045158,292,401,7.446421281701643
N3,10,15,0.045158,293,402,9.724478817125702
N3,10,15,0.045158,294,403,9.473437974319078
N3,10,15,0.045158,295,404,9.046996219594561
N3,10,15,0.045158,296,405,8.674992724902456
N3,10,15,0.045158,297,406,8.333173943031985
N3,10,15,0.045158,298,407,6.96283265820109
N3,10,15,0.045158,299,408,5.8168620095909205
N3,10,15,0.045158,300,409,4.84764071779164
N3,10,15,0.045158,301,410,4.029584929345744
N3,10,15,0.045158,302,411,3.344832153416407
N3,10,15,0.045158,303,412,2.5766692180722592
N3,10,15,0.045158,304,413,3.214026499429057
N3,10,15,0.045158,305,414,3.9169066520434628
N3,10,15,0.045158,306,415,4.9117433738164085
N3,10,15,0.045158,307,416,5.950922924593861
N3,10,15,0.045158,308,417,8.092361737242445
N3,10,15,0.045158,309,418,9.525353602486405
N3,10,15,0.045158,310,419,10.572813106414966
N3,10,15,0.045158,311,420,9.645941257752444
N3,10,15,0.045158,312,421,8.780144777735643
N3,10,15,0.045158,313,422,6.981606503660274
N3,10,15,0.045158,314,423,5.459179611211775
N3,10,15,0.045158,315,424,4.185366604236844
N3,10,15,0.045158,316,425,2.924842361165328
N3,10,15,0.045158,317,426,1.9658852117338101
N3,10,15,0.045158,318,427,1.281799295397136
N3,10,15,0.045158,319,428,1.0714210877410848
N3,10,15,0.045158,320,429,1.0398549702283157
N3,10,15,0.045158,321,430,1.499547350318084
N3,10,15,0.045158,322,431,2.121972915766672
N3,10,15,0.045158,323,432,3.1423350492448234
N3,10,15,0.045158,324,433,3.9085035165546733
N3,10,15,0.045158,325,434,5.058094988860512
N3,10,15,0.045158,326,435,6.577640786074058
N3,10,15,0.045158,327,436,7.062554389962266
N3,10,15,0.045158,328,437,7.084866484205222
N3,10,15,0.045158,329,438,7.474838772323103
N3,10,15,0.045158,330,439,7.711863446034647
N3,10,15,0.045158,331,440,8.314234140044556
N3,10,15,0.045158,332,441,9.24325693816072
N3,10,15,0.045158,333,442,8.135143030303869
N3,10,15,0.045158,334,443,7.308091354504155
N3,10,15,0.045158,335,444,6.2554059057354205
N3,10,15,0.045158,336,445,5.272436349963504
N3,10,15,0.045158,337,446,4.724921903820613
N3,10,15,0.045158,338,447,4.788274615685201
N3,10,15,0.045158,339,448,4.966226319793202
N3,10,15,0.045158,340,449,5.098373711644498
N3,10,15,0.045158,341,450,5.290341932107932
N3,10,15,0.045158,342,451,5.546204919706443
N3,10,15,0.045158,343,452,4.387140212323175
N3,10,15,0.045158,344,453,3.094532661268788
N3,10,15,0.045158,345,454,2.3325847614965385
N3,10,15,0.045158,346,455,2.216702114887458
N3,10,15,0.045158,347,456,2.4039085299634535
N3,10,15,0.045158,348,457,2.8317690182785804
N3,10,15,0.045158,349,458,3.169093787639391
N3,10,15,0.045158,350,459,3.4631316012907876
N3,10,15,0.045158,351,460,3.7812098789843147
N3,10,15,0.045158,352,461,4.084609073804715
N3,10,15,0.045158,353,462,3.8534138316370985
N3,10,15,0.045158,354,463,3.704259791658802
N3,10,15,0.045158,355,464,3.787247672476918
N3,10,15,0.045158,356,465,3.826252836641829
N3,10,15,0.045158,357,466,3.974063638456851
N3,10,15,0.045158,358,467,3.791906576649056
N3,10,15,0.045158,359,468,3.5127876409725793
N3,10,15,0.045158,360,469,2.629573308551249
N3,10,15,0.045158,361,470,1.9967104122874337
N3,10,15,0.045158,362,471,1.6247214134983565
N3,10,15,0.045158,363,472,1.4321242418638964
N3,10,15,0.045158,364,473,1.2898956750801116
N3,10,15,0.045158,365,474,1.1952784853112333
N3,10,15,0.045158,366,475,1.1858774650655954
N3,10,15,0.045158,367,476,1.231205126681418
N3,10,15,0.045158,368,477,0.9864076428463676
N3,10,15,0.045158,369,478,0.919502934130335
N3,10,15,0.045158,370,479,0.7810086474865865
N3,10,15,0.045158,371,480,0.9563474841927603
N3,10,15,0.045158,372,481,1.3718274611034866
N3,10,15,0.045158,373,482,1.5801077033711879
N3,10,15,0.045158,374,483,1.856145448332048
N3,10,15,0.045158,375,484,1.9779541612657447
N3,10,15,0.045158,376,485,2.118876829264342
N3,10,15,0.045158,377,486,1.7575852266148542
N3,10,15,0.045158,378,487,1.6565546747728825
N3,10,15,0.045158,379,488,1.9209076890364005
N3,10,15,0.045158,380,489,2.306482999217407
N3,10,15,0.045158,381,490,2.748192073570338
N3,10,15,0.045158,382,491,3.299188086137366
N3,10,15,0.045158,383,492,3.7829068173553417
N3,10,15,0.045158,384,493,4.232522940103857
N3,10,15,0.045158,385,494,4.61805706817952
N3,10,15,0.045158,386,495,4.865567545167097
N3,10,15,0.045158,387,496,4.902444367838358
N3,10,15,0.045158,388,497,4.211313863745463
N3,10,15,0.045158,389,498,3.642958490251515
N3,10,15,0.045158,390,499,3.127849071785457
N3,10,15,0.045158,391,500,2.701345056858016
N3,10,15,0.045158,392,501,2.3941212668541128
N3,10,15,0.045158,393,502,2.3128777254506336
N3,10,15,0.045158,394,503,2.3324097050155106
N3,10,15,0.045158,395,504,2.376464832639357
N3,10,15,0.045158,396,505,2.610561652978155
N3,10,15,0.045158,397,506,2.864128746295175
N3,10,15,0.045158,398,507,2.0106151003731467
N3,10,15,0.045158,399,508,1.5948103467330994
N3,10,15,0.045158,400,509,1.11891532784087
N3,10,15,0.045158,401,510,0.7396557582250831
N3,10,15,0.045158,402,511,0.5120304431861347
N3,10,15,0.045158,403,512,0.31860366976121557
N3,10,15,0.045158,404,513,0.34637354915608903
N3,10,15,0.045158,405,514,0.5757408846130277
N3,10,15,0.045158,406,515,0.9501750692095446
N3,10,15,0.045158,407,516,1.4872380819589508
N3,10,15,0.045158,408,517,1.8100902551805114
N3,10,15,0.045158,409,518,2.436415734180542
N3,10,15,0.045158,410,519,2.553820383058177
N3,10,15,0.045158,411,520,2.497739734176546
N3,10,15,0.045158,412,521,2.5548826946609915
N3,10,15,0.045158,413,522,2.816253285659685
N3,10,15,0.045158,414,523,2.7959710087463936
N3,10,15,0.045158,415,524,2.9228585169667767
N3,10,15,0.045158,416,525,2.885500088174078
N3,10,15,0.045158,417,526,2.820137427869711
N3,10,15,0.045158,418,527,2.3794615904427054
N3,10,15,0.045158,419,528,2.0147223674629084
N3,10,15,0.045158,420,529,2.0249340112259935
N3,10,15,0.045158,421,530,2.015184817460847
N3,10,15,0.045158,422,531,2.009017377945352
N3,10,15,0.045158,423,532,1.9575676441639085
N3,10,15,0.045158,424,533,1.7256377375035528
N3,10,15,0.045158,425,534,1.4710891074362518
N3,10,15,0.045158,426,535,1.2176711117879317
N3,10,15,0.045158,427,536,0.9508651017409774
N3,10,15,0.045158,428,537,0.8631559349695649
N3,10,15,0.045158,429,538,1.0807893719478985
N3,10,15,0.045158,430,539,1.5800502168960726
N3,10,15,0.045158,431,540,2.156164549504738
N3,10,15,0.045158,432,541,2.954409740815331
N3,10,15,0.045158,433,542,4.694551439616781
N3,10,15,0.045158,434,543,5.615815295360545
N3,10,15,0.045158,435,544,6.607246310235114
N3,10,15,0.045158,436,545,7.6328502722208835
N3,10,15,0.045158,437,546,6.925886069327688
N3,10,15,0.045158,438,547,5.88051463261753
N3,10,15,0.045158,439,548,4.462699335213445
N3,10,15,0.045158,440,549,3.327747697521135
N3,10,15,0.045158,441,550,2.4529763388614825
N3,10,15,0.045158,442,551,1.5880107760383326
N3,10,15,0.045158,443,552,1.2593003829599234
N3,10,15,0.045158,444,553,1.0156416472190875
N3,10,15,0.045158,445,554,0.8261839784549357
N3,10,15,0.045158,446,555,0.7054915528328456
N3,10,15,0.045158,447,556,0.6228544443171489
N3,10,15,0.045158,448,557,0.5407019454971341
N3,10,15,0.045158,449,558,0.5107620011475341
N3,10,15,0.045158,450,559,0.4915275069130042
N3,10,15,0.045158,451,560,0.47511822672518217
N3,10,15,0.045158,452,561,0.44385286808933494
N3,10,15,0.045158,453,562,0.6243848962171933
N3,10,15,0.045158,454,563,1.1603785156993183
N3,10,15,0.045158,455,564,1.9596124506014538
N3,10,15,0.045158,456,565,3.0096379728651423
N3,10,15,0.045158,457,566,3.934267881263292
N3,10,15,0.045158,458,567,5.431170482890751
N3,10,15,0.045158,459,568,5.7383584903326454
N3,10,15,0.045158,460,569,6.115044412311844
N3,10,15,0.045158,461,570,6.5831697032775525
N3,10,15,0.045158,462,571,7.120465373553941
N3,10,15,0.045158,463,572,5.817412571358629
N3,10,15,0.045158,464,573,4.800380261399326
N3,10,15,0.045158,465,574,3.931579357951372
N3,10,15,0.045158,466,575,3.2191082113748024
N3,10,15,0.045158,467,576,2.829105757377164
N3,10,15,0.045158,468,577,2.4982068380395677
N3,10,15,0.045158,469,578,2.356245348668706
N3,10,15,0.045158,470,579,2.4608292320976197
N3,10,15,0.045158,471,580,2.755231570527079
N3,10,15,0.045158,472,581,3.5317418250093517
N3,10,15,0.045158,473,582,4.912168225327912
N3,10,15,0.045158,474,583,5.818123115670595
N3,10,15,0.045158,475,584,7.1513831421741685
N3,10,15,0.045158,476,585,7.034809909105622
N3,10,15,0.045158,477,586,6.481952027419104
N3,10,15,0.045158,478,587,5.4193071777234
N3,10,15,0.045158,479,588,4.508202519916191
N3,10,15,0.045158,480,589,3.9020368497420375
N3,10,15,0.045158,481,590,3.374802940113419
N3,10,15,0.045158,482,591,2.6940679182268505
N3,10,15,0.045158,483,592,2.105167013173431
N3,10,15,0.045158,484,593,2.1708336779057005
N3,10,15,0.045158,485,594,2.076373336742137
N3,10,15,0.045158,486,595,2.6901988146646416
N3,10,15,0.045158,487,596,3.405556537246426
N3,10,15,0.045158,488,597,4.9153969100869075
N3,10,15,0.045158,489,598,5.745091351704093
N3,10,15,0.045158,490,599,6.6709575169849735
N3,10,15,0.045158,491,600,7.636690806978786
N3,10,15,0.045158,492,601,6.996420425033518
N3,10,15,0.045158,493,602,5.587843222932248
N3,10,15,0.045158,494,603,4.173066178930474
N3,10,15,0.045158,495,604,3.2633285170250264
N3,10,15,0.045158,496,605,2.586308911794273
N3,10,15,0.045158,497,606,2.1340957241226186
N3,10,15,0.045158,498,607,1.7331039107889235
N3,10,15,0.045158,499,608,1.7070912498084385
N3,10,15,0.045158,500,609,1.644053397813449
N3,10,15,0.045158,501,610,1.5325210799918318
N3,10,15,0.045158,502,611,1.7804695089828488
N3,10,15,0.045158,503,612,2.5839233071917853
N3,10,15,0.045158,504,613,2.4555350174159463
N3,10,15,0.045158,505,614,2.3668876084034665
N3,10,15,0.045158,506,615,2.4031124780526145
N3,10,15,0.045158,507,616,2.364399159519707
N3,10,15,0.045158,508,617,1.83794175099553
N3,10,15,0.045158,509,618,1.038330403139993
N3,10,15,0.045158,510,619,0.7433652453068333
N3,10,15,0.045158,511,620,0.8442342374878138
N3,10,15,0.045158,512,621,1.2204506118700522
N3,10,15,0.045158,513,622,1.7672782320347575
N3,10,15,0.045158,514,623,1.7782362175909867
N3,10,15,0.045158,515,624,1.5929676999041393
N3,10,15,0.045158,516,625,1.4699764241893571
N3,10,15,0.045158,517,626,1.2185660496228543
N3,10,15,0.045158,518,627,0.7392398113806691
N3,10,15,0.045158,519,628,0.6586901501805502
N3,10,15,0.045158,520,629,1.0697201815320803
N3,10,15,0.045158,521,630,1.94726358227141
N3,10,15,0.045158,522,631,3.2031878133277285
N3,10,15,0.045158,523,632,4.226862400503995
N3,10,15,0.045158,524,633,5.550160245462038
N3,10,15,0.045158,525,634,5.827927300599406
N3,10,15,0.045158,526,635,6.035452104711797
N3,10,15,0.045158,527,636,6.600226903817774
N3,10,15,0.045158,528,637,5.813123970843295
N3,10,15,0.045158,529,638,5.168268123610018
N3,10,15,0.045158,530,639,4.845980284650228
N3,10,15,0.045158,531,640,4.612442125955778
N3,10,15,0.045158,532,641,4.46351391415601
N3,10,15,0.045158,533,642,4.488590793328229
N3,10,15,0.045158,534,643,4.401457081543282
N3,10,15,0.045158,535,644,4.9074933273635555
N3,10,15,0.045158,536,645,5.607525037933677
N3,10,15,0.045158,537,646,6.466840959396839
N3,10,15,0.045158,538,647,6.327382258704556
N3,10,15,0.045158,539,648,5.978759269944596
N3,10,15,0.045158,540,649,5.261601880763486
N3,10,15,0.045158,541,650,5.29680419900125
N3,10,15,0.045158,542,651,4.493402660519928
N3,10,15,0.045158,543,652,3.8329372855047645
N3,10,15,0.045158,544,653,3.8492321752618475
N3,10,15,0.045158,545,654,3.9004501106728204
N3,10,15,0.045158,546,655,3.959963284206936
N3,10,15,0.045158,547,656,4.043895474148086
N3,10,15,0.045158,548,657,4.818184537573939
N3,10,15,0.045158,549,658,4.974223126947353
N3,10,15,0.045158,550,659,4.8861755729336025
N3,10,15,0.045158,551,660,4.122900176599101
N3,10,15,0.045158,552,661,4.410238369310628
N3,10,15,0.045158,553,662,3.9533024577297526
N3,10,15,0.045158,554,663,3.563065453605725
N3,10,15,0.045158,555,664,3.5115556412316598
N3,10,15,0.045158,556,665,3.4927947999963296
N3,10,15,0.045158,557,666,3.505386668477712
N3,10,15,0.045158,558,667,3.5478241215767383
N3,10,15,0.045158,559,668,3.2032293351782246
N3,10,15,0.045158,560,669,3.1592135772472942
N3,10,15,0.045158,561,670,3.19434375674258
N3,10,15,0.045158,562,671,3.326513933287728
N3,10,15,0.045158,563,672,4.0559764713285515
N3,10,15,0.045158,564,673,4.237726736830869
N3,10,15,0.045158,565,674,4.1350293068402415
N3,10,15,0.045158,566,675,4.166820374217851
N3,10,15,0.045158,567,676,4.261014406635436
N3,10,15,0.045158,568,677,4.157170070755949
N3,10,15,0.045158,569,678,4.395387189336734
N3,10,15,0.045158,570,679,4.531885980618743
N3,10,15,0.045158,571,680,4.612836496264378
N3,10,15,0.045158,572,681,4.5415893261796
N3,10,15,0.045158,573,682,4.447395694023693
N3,10,15,0.045158,574,683,4.738896018719688
N3,10,15,0.045158,575,684,4.5272950522815005
N3,10,15,0.045158,576,685,4.249511021509388
N3,10,15,0.045158,577,686,3.874759817258797
N3,10,15,0.045158,578,687,3.962317000132231
N3,10,15,0.045158,579,688,3.627808620997795
N3,10,15,0.045158,580,689,3.2865628250197028
N3,10,15,0.045158,581,690,3.0418527254346004
N3,10,15,0.045158,582,691,2.904650064103861
N3,10,15,0.045158,583,692,1.9985528687217988
N3,10,15,0.045158,584,693,1.533440367288814
N3,10,15,0.045158,585,694,1.427975534586036
N3,10,15,0.045158,586,695,1.7078502238077735
N3,10,15,0.045158,587,696,2.401114677683662
N3,10,15,0.045158,588,697,3.333368996254996
N3,10,15,0.045158,589,698,3.862576185754161
N3,10,15,0.045158,590,699,4.319407746324293
N3,10,15,0.045158,591,700,4.8955860211859275
N3,10,15,0.045158,592,701,6.35531235623953
N3,10,15,0.045158,593,702,6.00937182553967
N3,10,15,0.045158,594,703,5.312352580940631
N3,10,15,0.045158,595,704,4.715069176833694
N3,10,15,0.045158,596,705,4.197358218011805
N3,10,15,0.045158,597,706,3.7519057509576754
N3,10,15,0.045158,598,707,4.12792031962735
N3,10,15,0.045158,599,708,4.91329169013337
N3,10,15,0.045158,600,709,5.830432294104481
N3,10,15,0.045158,601,710,6.853732695399076
N3,10,15,0.045158,602,711,6.312942602948292
N3,10,15,0.045158,603,712,5.822915723179481
N3,10,15,0.045158,604,713,4.499958756279131
N3,10,15,0.045158,605,714,3.0332601566095727
N3,10,15,0.045158,606,715,1.9574701940326462
N3,10,15,0.045158,607,716,1.209392606798215
N3,10,15,0.045158,608,717,0.9358459596543092
N3,10,15,0.045158,609,718,0.9931062632513804
N3,10,15,0.045158,610,719,1.1037809127714027
N3,10,15,0.045158,611,720,1.2099593431872515
N3,10,15,0.045158,612,721,1.3439264231736971
N3,10,15,0.045158,613,722,1.6913557545820332
N3,10,15,0.045158,614,723,1.9422705070668564
N3,10,15,0.045158,615,724,2.091493873466144
N3,10,15,0.045158,616,725,2.3076734712701903
N3,10,15,0.045158,617,726,2.5635499749259267
N3,10,15,0.045158,618,727,2.0501056525564554
N3,10,15,0.045158,619,728,1.345419665387006
N3,10,15,0.045158,620,729,0.8383766416528671
N3,10,15,0.045158,621,730,0.7340092982576147
N3,10,15,0.045158,622,731,0.9751778580522119
N3,10,15,0.045158,623,732,1.9877059046275347
N3,10,15,0.045158,624,733,2.9399301927107597
N3,10,15,0.045158,625,734,2.8010037542169037
N3,10,15,0.045158,626,735,2.66711426898397
N3,10,15,0.045158,627,736,2.5455448304363255
N3,10,15,0.045158,628,737,1.9293672997789049
N3,10,15,0.045158,629,738,1.4781219940755062
N3,10,15,0.045158,630,739,1.0731647703031995
N3,10,15,0.045158,631,740,0.9807480990100241
N3,10,15,0.045158,632,741,1.172746503915468
N3,10,15,0.045158,633,742,1.611505179818567
N3,10,15,0.045158,634,743,1.956114520537432
N3,10,15,0.045158,635,744,1.8542351979082192
N3,10,15,0.045158,636,745,1.833884413015733
N3,10,15,0.045158,637,746,1.8732515830112288
N3,10,15,0.045158,638,747,2.0405974243299414
N3,10,15,0.045158,639,748,2.2112727941441404
N3,10,15,0.045158,640,749,2.5507713325248718
N3,10,15,0.045158,641,750,2.573963497193682
N3,10,15,0.045158,642,751,2.6532493145197393
N3,10,15,0.045158,643,752,2.573614873497344
N3,10,15,0.045158,644,753,2.709573682430739
N3,10,15,0.045158,645,754,3.0023005326394823
N3,10,15,0.045158,646,755,3.5619556863712662
N3,10,15,0.045158,647,756,4.318251084128873
N3,10,15,0.045158,648,757,3.9600663566601004
N3,10,15,0.045158,649,758,3.6575590696114157
N3,10,15,0.045158,650,759,3.8328379332329856
N3,10,15,0.045158,651,760,3.634298300560781
N3,10,15,0.045158,652,761,3.952126178502219
N3,10,15,0.045158,653,762,4.8496854808361665
N3,10,15,0.045158,654,763,6.689885195817958
N3,10,15,0.045158,655,764,9.124020137817345
N3,10,15,0.045158,656,765,12.23949710401844
N3,10,15,0.045158,657,766,15.864126686307753
N3,10,15,0.045158,658,767,17.149928782643375
N3,10,15,0.045158,659,768,18.466936751112762
N3,10,15,0.045158,660,769,19.670552727223942
N3,10,15,0.045158,661,770,20.781855031163943
N3,10,15,0.045158,662,771,21.547368785201964
N3,10,15,0.045158,663,772,22.224690019458453
N3,10,15,0.045158,664,773,23.05153823864127
N3,10,15,0.045158,665,774,23.706322838597366
N3,10,15,0.045158,666,775,23.9476007744938
N3,10,15,0.045158,667,776,23.937496486419086
N3,10,15,0.045158,668,777,23.010985737285747
N3,10,15,0.045158,669,778,22.229836134402845
N3,10,15,0.045158,670,779,21.211942212897934
N3,10,15,0.045158,671,780,20.113229653087373
N3,10,15,0.045158,672,781,18.989142855883685
N3,10,15,0.045158,673,782,17.985942787560305
N3,10,15,0.045158,674,783,16.62534719466731
N3,10,15,0.045158,675,784,15.293074267950173
N3,10,15,0.045158,676,785,14.148980461553707
N3,10,15,0.045158,677,786,13.094262365842265
N3,10,15,0.045158,678,787,12.164933311936956
N3,10,15,0.045158,679,788,11.096898606836831
N3,10,15,0.045158,680,789,10.12124366866525
N3,10,15,0.045158,681,790,9.22904132854409
N3,10,15,0.045158,682,791,8.412159149925602
N3,10,15,0.045158,683,792,7.3777490864593265
N3,10,15,0.045158,684,793,6.311960484131066
N3,10,15,0.045158,685,794,5.421849083169274
N3,10,15,0.045158,686,795,4.709962816641296
N3,10,15,0.045158,687,796,4.192889611705256
N3,10,15,0.045158,688,797,3.7480335764509376
N3,10,15,0.045158,689,798,3.3737671474290463
N3,10,15,0.045158,690,799,3.0444460133266853
N3,10,15,0.045158,691,800,2.6504226446959605
N3,10,15,0.045158,692,801,2.317346291113572
N3,10,15,0.045158,693,802,2.066243778745565
N3,10,15,0.045158,694,803,1.8206798780728428
N3,10,15,0.045158,695,804,1.6442983933419921
N3,10,15,0.045158,696,805,1.5425563233768524
N3,10,15,0.045158,697,806,1.4679201334577834
N3,10,15,0.045158,698,807,1.3514620916772262
N3,10,15,0.045158,699,808,1.2965339371927327
N3,10,15,0.045158,700,809,1.2785372942175126
N3,10,15,0.045158,701,810,1.1984362227392662
N3,10,15,0.045158,702,811,1.328123719135016
N3,10,15,0.045158,703,812,1.3301692839793506
N3,10,15,0.045158,704,813,1.3451180184676252
N3,10,15,0.045158,705,814,1.4389890548353401
N3,10,15,0.045158,706,815,1.558436801919972
N3,10,15,0.045158,707,816,1.6929349777357927
N3,10,15,0.045158,708,817,1.5255371687930093
N3,10,15,0.045158,709,818,1.715890340075027
N3,10,15,0.045158,710,819,1.8246867674595388
N3,10,15,0.045158,711,820,1.9196897941674447
N3,10,15,0.045158,712,821,1.9885407025880117
N3,10,15,0.045158,713,822,1.5473675889167107
N3,10,15,0.045158,714,823,1.1028693555898728
N3,10,15,0.045158,715,824,0.8552474534068204
N3,10,15,0.045158,716,825,0.8037114167931372
N3,10,15,0.045158,717,826,0.9583869211099016
N3,10,15,0.045158,718,827,1.354747835645441
N3,10,15,0.045158,719,828,2.029335293984589
N3,10,15,0.045158,720,829,2.9058307901867146
N3,10,15,0.045158,721,830,3.992315545541092
N3,10,15,0.045158,722,831,5.298403135479315
N3,10,15,0.045158,723,832,5.094799466685592
N3,10,15,0.045158,724,833,4.857581023716846
N3,10,15,0.045158,725,834,4.39157525760829
N3,10,15,0.045158,726,835,4.199765558137797
N3,10,15,0.045158,727,836,4.055477761335166
N3,10,15,0.045158,728,837,4.022275346295435
N3,10,15,0.045158,729,838,3.7573069569936646
N3,10,15,0.045158,730,839,3.4661715754402684
N3,10,15,0.045158,731,840,3.138102733283246
N3,10,15,0.045158,732,841,2.8152477818821815
N3,10,15,0.045158,733,842,2.3185850327385302
N3,10,15,0.045158,734,843,2.151745062838788
N3,10,15,0.045158,735,844,2.0062863380339486
N3,10,15,0.045158,736,845,2.0948354290402498
N3,10,15,0.045158,737,846,2.2656223207661377
N3,10,15,0.045158,738,847,2.493163373201277
N3,10,15,0.045158,739,848,3.362055456861985
N3,10,15,0.045158,740,849,4.488332916191384
N3,10,15,0.045158,741,850,4.338122660384316
N3,10,15,0.045158,742,851,4.530866276161142
N3,10,15,0.045158,743,852,5.578215010625801
N3,10,15,0.045158,744,853,4.998416367167515
N3,10,15,0.045158,745,854,4.515941509940941
N3,10,15,0.045158,746,855,3.523249427564034
N3,10,15,0.045158,747,856,2.7306629324208274
N3,10,15,0.045158,748,857,1.8484912528926367
N3,10,15,0.045158,749,858,1.3405922645194284
N3,10,15,0.045158,750,859,1.159451190101955
N3,10,15,0.045158,751,860,1.3355723969833229
N3,10,15,0.045158,752,861,1.4930966345385077
N3,10,15,0.045158,753,862,1.6949591956986647
N3,10,15,0.045158,754,863,2.132350371905555
N3,10,15,0.045158,755,864,2.876683998198922
N3,10,15,0.045158,756,865,3.8042660348180237
N3,10,15,0.045158,757,866,3.9398865640549463
N3,10,15,0.045158,758,867,4.163198820496215
N3,10,15,0.045158,759,868,3.8455828982564775
N3,10,15,0.045158,760,869,3.574804948239441
N3,10,15,0.045158,761,870,3.107510842727687
N3,10,15,0.045158,762,871,2.7142038360729055
N3,10,15,0.045158,763,872,2.0529315304002784
N3,10,15,0.045158,764,873,1.5651874864124786
N3,10,15,0.045158,765,874,1.2496316093476911
N3,10,15,0.045158,766,875,1.1297116597702062
N3,10,15,0.045158,767,876,1.3238756017842255
N3,10,15,0.045158,768,877,1.6039168486345403
N3,10,15,0.045158,769,878,2.355718761329398
N3,10,15,0.045158,770,879,3.3340499230971714
N3,10,15,0.045158,771,880,4.524368922735599
N3,10,15,0.045158,772,881,5.850837468571234
N3,10,15,0.045158,773,882,8.195880537542816
N3,10,15,0.045158,774,883,8.15687453529267
N3,10,15,0.045158,775,884,8.01122493070454
N3,10,15,0.045158,776,885,7.5874825651094575
N3,10,15,0.045158,777,886,7.2684693910938805
N3,10,15,0.045158,778,887,5.944219870233177
N3,10,15,0.045158,779,888,5.022022308154591
N3,10,15,0.045158,780,889,4.439060658517211
N3,10,15,0.045158,781,890,4.318544510702479
N3,10,15,0.045158,782,891,4.70338005308617
N3,10,15,0.045158,783,892,5.503502083417436
N3,10,15,0.045158,784,893,7.471693769466735
N3,10,15,0.045158,785,894,9.85995279603151
N3,10,15,0.045158,786,895,13.078442217795127
N3,10,15,0.045158,787,896,16.86621399537615
N3,10,15,0.045158,788,897,20.615981673081034
N3,10,15,0.045158,789,898,23.47775133195203
N3,10,15,0.045158,790,899,23.786623906211076
N3,10,15,0.045158,791,900,23.163156478656255
N3,10,15,0.045158,792,901,21.758641007044538
N3,10,15,0.045158,793,902,18.52066739459608
N3,10,15,0.045158,794,903,15.756001139075698
N3,10,15,0.045158,795,904,13.423204489097346
N3,10,15,0.045158,796,905,11.043360400977248
N3,10,15,0.045158,797,906,9.092189629945633
N3,10,15,0.045158,798,907,7.650730767554488
N3,10,15,0.045158,799,908,6.941764730367835
N3,10,15,0.045158,800,909,7.161209042087204
N3,10,15,0.045158,801,910,7.6386499798119605
N3,10,15,0.045158,802,911,8.080770483172294
N3,10,15,0.045158,803,912,9.600790182571714
N3,10,15,0.045158,804,913,10.462621074610288
N3,10,15,0.045158,805,914,11.095901748014526
N3,10,15,0.045158,806,915,11.79864320353411
N3,10,15,0.045158,807,916,10.648518532442774
N3,10,15,0.045158,808,917,8.88667857867646
N3,10,15,0.045158,809,918,7.49535004150234
N3,10,15,0.045158,810,919,6.100039372805215
N3,10,15,0.045158,811,920,4.975863241086488
N3,10,15,0.045158,812,921,4.287077096088545
N3,10,15,0.045158,813,922,3.841497754648737
N3,10,15,0.045158,814,923,3.8311715133012907
N3,10,15,0.045158,815,924,3.913458821171295
N3,10,15,0.045158,816,925,3.998249256524957
N3,10,15,0.045158,817,926,4.483404926374369
N3,10,15,0.045158,818,927,5.6309128934671495
N3,10,15,0.045158,819,928,6.383482173023312
N3,10,15,0.045158,820,929,7.053046556471337
N3,10,15,0.045158,821,930,7.679509388171736
N3,10,15,0.045158,822,931,8.328866019878625
N3,10,15,0.045158,823,932,7.141219899471979
N3,10,15,0.045158,824,933,5.302218005311832
N3,10,15,0.045158,825,934,4.182294356242505
N3,10,15,0.045158,826,935,3.7404519448387585
N3,10,15,0.045158,827,936,3.9880219615472203
N3,10,15,0.045158,828,937,4.708903265420978
N3,10,15,0.045158,829,938,5.470887909442375
N3,10,15,0.045158,830,939,6.08081782905009
N3,10,15,0.045158,831,940,6.677021767957205
N3,10,15,0.045158,832,941,7.302758552475941
N3,10,15,0.045158,833,942,6.32693547528374
N3,10,15,0.045158,834,943,5.502528567831037
N3,10,15,0.045158,835,944,4.879971040472895
N3,10,15,0.045158,836,945,4.3059413310318
N3,10,15,0.045158,837,946,3.8310583130407134
N3,10,15,0.045158,838,947,3.563809361731131
N3,10,15,0.045158,839,948,3.513371382455185
N3,10,15,0.045158,840,949,3.968924367923205
N3,10,15,0.045158,841,950,4.388533227631012
N3,10,15,0.045158,842,951,4.699742525112368
N3,10,15,0.045158,843,952,4.760716342753355
N3,10,15,0.045158,844,953,4.248580064858754
N3,10,15,0.045158,845,954,3.9220535631273776
N3,10,15,0.045158,846,955,3.9080122244049744
N3,10,15,0.045158,847,956,4.186593225643644
N3,10,15,0.045158,848,957,4.29028699637552
N3,10,15,0.045158,849,958,4.752313718639522
N3,10,15,0.045158,850,959,5.460482823245118
N3,10,15,0.045158,851,960,6.583728625551199
N3,10,15,0.045158,852,961,8.12333921058492
N3,10,15,0.045158,853,962,7.937805904952464
N3,10,15,0.045158,854,963,7.385135479803332
N3,10,15,0.045158,855,964,6.864828764929969
N3,10,15,0.045158,856,965,6.3836304550210325
N3,10,15,0.045158,857,966,5.503496739283577
N3,10,15,0.045158,858,967,4.777525127171441
N3,10,15,0.045158,859,968,4.299557980273862
N3,10,15,0.045158,860,969,3.9078178763243514
N3,10,15,0.045158,861,970,3.6316942818655176
N3,10,15,0.045158,862,971,3.352050078582139
N3,10,15,0.045158,863,972,3.102514460971309
N3,10,15,0.045158,864,973,2.98001584692129
N3,10,15,0.045158,865,974,2.943487093333815
N3,10,15,0.045158,866,975,2.945948453483266
N3,10,15,0.045158,867,976,3.479155702665125
N3,10,15,0.045158,868,977,3.745875542537002
N3,10,15,0.045158,869,978,3.9613885316567785
N3,10,15,0.045158,870,979,4.0469535027857555
N3,10,15,0.045158,871,980,3.8763615875735753
N3,10,15,0.045158,872,981,3.7263015463744393
N3,10,15,0.045158,873,982,2.771857483567961
N3,10,15,0.045158,874,983,2.277197236744686
N3,10,15,0.045158,875,984,1.8077960161549225
N3,10,15,0.045158,876,985,1.383121793022172
N3,10,15,0.045158,877,986,1.0265248227595092
N3,10,15,0.045158,878,987,0.9696140025321899
N3,10,15,0.045158,879,988,0.6059411180049591
N3,10,15,0.045158,880,989,0.39315505860385075
N3,10,15,0.045158,881,990,0.28497282754163256
N3,10,15,0.045158,882,991,0.24622530649422658
N3,10,15,0.045158,883,992,0.3343968506194427
N3,10,15,0.045158,884,993,0.49326963898474596
N3,10,15,0.045158,885,994,0.5987358234890912
N3,10,15,0.045158,886,995,0.703135253592398
N3,10,15,0.045158,887,996,0.7795562040016857
N3,10,15,0.045158,888,997,0.9302971803715563
N3,10,15,0.045158,889,998,1.2359169683085263
N3,10,15,0.045158,890,999,1.0669388746535056
N3,10,15,0.045158,891,1000,0.9881915927616902
N3,10,15,0.045158,892,1001,0.9840938501403262
N3,10,15,0.045158,893,1002,1.279496868269891
N3,10,15,0.045158,894,1003,1.3566998913865362
N3,10,15,0.045158,895,1004,1.599186209225155
N3,10,15,0.045158,896,1005,1.8913810371928945
N3,10,15,0.045158,897,1006,2.232815470392078
N3,10,15,0.045158,898,1007,2.435473456762246
N3,10,15,0.045158,899,1008,2.79283262911554
N3,10,15,0.045158,900,1009,3.0045062793810535
N3,10,15,0.045158,901,1010,3.216920547769913
N3,10,15,0.045158,902,1011,3.4138511571574583
N3,10,15,0.045158,903,1012,3.5868101655291125
N3,10,15,0.045158,904,1013,3.5356965650242964
N3,10,15,0.045158,905,1014,3.4706538390287687
N3,10,15,0.045158,906,1015,3.3717909961938797
N3,10,15,0.045158,907,1016,3.5790201539570172
N3,10,15,0.045158,908,1017,3.101069464920554
N3,10,15,0.045158,909,1018,3.3117861778757662
N3,10,15,0.045158,910,1019,3.838518896098767
N3,10,15,0.045158,911,1020,4.700570873687363
N3,10,15,0.045158,912,1021,5.856774690998165
N3,10,15,0.045158,913,1022,8.121328334705108
N3,10,15,0.045158,914,1023,9.188313009420579
N3,10,15,0.045158,915,1024,10.324403458073604
N3,10,15,0.045158,916,1025,12.016465051685998
N3,10,15,0.045158,917,1026,12.127313405219425
N3,10,15,0.045158,918,1027,10.286389383541053
N3,10,15,0.045158,919,1028,8.037326755201207
N3,10,15,0.045158,920,1029,6.1862463329370065
N3,10,15,0.045158,921,1030,4.67025204273998
N3,10,15,0.045158,922,1031,3.45992653004879
N3,10,15,0.045158,923,1032,2.6278302983662627
N3,10,15,0.045158,924,1033,2.4127476417223273
N3,10,15,0.045158,925,1034,2.2053216494306396
N3,10,15,0.045158,926,1035,2.084455233331761
N3,10,15,0.045158,927,1036,2.026434478199703
N3,10,15,0.045158,928,1037,2.6420223506931926
N3,10,15,0.045158,929,1038,2.9277295843756974
N3,10,15,0.045158,930,1039,2.729542180021161
N3,10,15,0.045158,931,1040,2.560587730856377
N3,10,15,0.045158,932,1041,2.4335127451736565
N3,10,15,0.045158,933,1042,1.4176707130569906
N3,10,15,0.045158,934,1043,0.7336363919905368
N3,10,15,0.045158,935,1044,0.7194513848973509
N3,10,15,0.045158,936,1045,1.2185323723959802
N3,10,15,0.045158,937,1046,2.155133758844562
N3,10,15,0.045158,938,1047,4.106975040100773
N3,10,15,0.045158,939,1048,5.700721069914589
N3,10,15,0.045158,940,1049,5.187078773094964
N3,10,15,0.045158,941,1050,4.720815582497471
N3,10,15,0.045158,942,1051,4.272455486931376
N3,10,15,0.045158,943,1052,2.91913710163837
N3,10,15,0.045158,944,1053,2.0531388234059884
N3,10,15,0.045158,945,1054,1.39778083107181
N3,10,15,0.045158,946,1055,0.9443913428133661
N3,10,15,0.045158,947,1056,0.6690878207580543
N3,10,15,0.045158,948,1057,0.5451767769899263
N3,10,15,0.045158,949,1058,0.5580263699048744
N3,10,15,0.045158,950,1059,0.6280245109184218
N3,10,15,0.045158,951,1060,0.762588095985499
N3,10,15,0.045158,952,1061,1.0046233444625408
N3,10,15,0.045158,953,1062,1.7684133425350228
N3,10,15,0.045158,954,1063,2.3687458306379705
N3,10,15,0.045158,955,1064,3.074091882551203
N3,10,15,0.045158,956,1065,3.876985361735798
N3,10,15,0.045158,957,1066,3.5271918585199185
N3,10,15,0.045158,958,1067,2.5702089610989463
N3,10,15,0.045158,959,1068,1.9814526792100455
N3,10,15,0.045158,960,1069,1.6785346459256587
N3,10,15,0.045158,961,1070,1.413765229451725
N3,10,15,0.045158,962,1071,1.054569064919753
N3,10,15,0.045158,963,1072,0.772152138459006
N3,10,15,0.045158,964,1073,0.7823082164654858
N3,10,15,0.045158,965,1074,0.6979660257728042
N3,10,15,0.045158,966,1075,0.6920849118625778
N3,10,15,0.045158,967,1076,1.2326468979662382
N3,10,15,0.045158,968,1077,2.6189271768992635
N3,10,15,0.045158,969,1078,3.4041383724750167
N3,10,15,0.045158,970,1079,4.234469766922304
N3,10,15,0.045158,971,1080,5.132627452744609
N3,10,15,0.045158,972,1081,6.088013027033137
N3,10,15,0.045158,973,1082,4.951402392434831
N3,10,15,0.045158,974,1083,4.064097130944021
N3,10,15,0.045158,975,1084,3.644026786077278
N3,10,15,0.045158,976,1085,3.0563302502837937
N3,10,15,0.045158,977,1086,2.912665171978721
N3,10,15,0.045158,978,1087,2.7541404055954555
N3,10,15,0.045158,979,1088,3.2099080241056583
N3,10,15,0.045158,980,1089,3.519162852879418
N3,10,15,0.045158,981,1090,3.863733267949198
N3,10,15,0.045158,982,1091,4.219119616442603
N3,10,15,0.045158,983,1092,5.142491228964792
N3,10,15,0.045158,984,1093,5.1349980817851115
N3,10,15,0.045158,985,1094,5.129012854332292
N3,10,15,0.045158,986,1095,5.113432703028986
N3,10,15,0.045158,987,1096,4.667683798023819
N3,10,15,0.045158,988,1097,3.9207424009711294
N3,10,15,0.045158,989,1098,3.2880080138241743
N3,10,15,0.045158,990,1099,2.193153566827993
N3,10,15,0.045158,991,1100,1.5465387660586423
N3,10,15,0.045158,992,1101,1.2795554213443945
N3,10,15,0.045158,993,1102,1.2391039557805736
N3,10,15,0.045158,994,1103,0.9194955849233726
N3,10,15,0.045158,995,1104,0.673322567161213
N3,10,15,0.045158,996,1105,0.4969328020299584
N3,10,15,0.045158,997,1106,0.3899153502728605
N3,10,15,0.045158,998,1107,0.31884613775560927
N3,10,15,0.045158,999,1108,0.34228737968411804
N3,10,15,0.045158,1000,1109,0.5982050807532873
N3,10,15,0.045158,1001,1110,1.0490874000318398
N3,10,15,0.045158,1002,1111,1.504440534007851
N3,10,15,0.045158,1003,1112,1.602550412555205
N3,10,15,0.045158,1004,1113,1.735894005574676
N3,10,15,0.045158,1005,1114,1.937451042014494
N3,10,15,0.045158,1006,1115,2.109319206319426
N3,10,15,0.045158,1007,1116,1.7072856990268255
N3,10,15,0.045158,1008,1117,1.5034259923110866
N3,10,15,0.045158,1009,1118,1.5439581408352205
N3,10,15,0.045158,1010,1119,1.7290569386459043
N3,10,15,0.045158,1011,1120,2.0082911192469632
N3,10,15,0.045158,1012,1121,2.3931604832231703
N3,10,15,0.045158,1013,1122,3.14914290551999
N3,10,15,0.045158,1014,1123,3.7490335162410844
N3,10,15,0.045158,1015,1124,4.307435220309923
N3,10,15,0.045158,1016,1125,5.030917150530339
N3,10,15,0.045158,1017,1126,6.2986840679751355
N3,10,15,0.045158,1018,1127,7.329965276164416
N3,10,15,0.045158,1019,1128,8.412399448724079
N3,10,15,0.045158,1020,1129,9.538388695563865
N3,10,15,0.045158,1021,1130,10.673192533795246
N3,10,15,0.045158,1022,1131,11.709838362905035
N3,10,15,0.045158,1023,1132,12.225945466812368
N3,10,15,0.045158,1024,1133,13.071925004045163
N3,10,15,0.045158,1025,1134,13.812634921149261
N3,10,15,0.045158,1026,1135,14.32259963010554
N3,10,15,0.045158,1027,1136,14.592401114108435
N3,10,15,0.045158,1028,1137,14.936713834525696
N3,10,15,0.045158,1029,1138,14.785690163539304
N3,10,15,0.045158,1030,1139,14.404574535720613
N3,10,15,0.045158,1031,1140,13.923810159158005
N3,10,15,0.045158,1032,1141,13.355127621727311
N3,10,15,0.045158,1033,1142,12.669399588478944
N3,10,15,0.045158,1034,1143,12.046538987667727
N3,10,15,0.045158,1035,1144,11.410103365303108
N3,10,15,0.045158,1036,1145,10.776026910080326
N3,10,15,0.045158,1037,1146,10.155909870270463
N3,10,15,0.045158,1038,1147,8.765408512287667
N3,10,15,0.045158,1039,1148,8.112408452314483
N3,10,15,0.045158,1040,1149,7.194159852336796
N3,10,15,0.045158,1041,1150,6.494095681676745
N3,10,15,0.045158,1042,1151,6.015332790768721
N3,10,15,0.045158,1043,1152,5.958446600547639
N3,10,15,0.045158,1044,1153,5.805709439843701
N3,10,15,0.045158,1045,1154,5.797422142996673
N3,10,15,0.045158,1046,1155,6.028065006007468
N3,10,15,0.045158,1047,1156,6.481476211546214
N3,10,15,0.045158,1048,1157,5.838048198422581
N3,10,15,0.045158,1049,1158,5.383857120800974
N3,10,15,0.045158,1050,1159,4.88357953017238
N3,10,15,0.045158,1051,1160,4.400660330114525
N3,10,15,0.045158,1052,1161,3.9337976580397176
N3,10,15,0.045158,1053,1162,3.4902274537454283
N3,10,15,0.045158,1054,1163,2.999845039772593
N3,10,15,0.045158,1055,1164,2.8204422683649404
N3,10,15,0.045158,1056,1165,3.0899164877252705
N3,10,15,0.045158,1057,1166,2.9054172514771097
N3,10,15,0.045158,1058,1167,3.2724274202520247
N3,10,15,0.045158,1059,1168,3.4416908679429374
N3,10,15,0.045158,1060,1169,3.6836788455294265
N3,10,15,0.045158,1061,1170,3.8046969176158267
N3,10,15,0.045158,1062,1171,3.975958255131489
N3,10,15,0.045158,1063,1172,3.6889817009920574
N3,10,15,0.045158,1064,1173,2.942294623149497
N3,10,15,0.045158,1065,1174,2.223532012523961
N3,10,15,0.045158,1066,1175,1.6839670762295686
N3,10,15,0.045158,1067,1176,1.7533574750055252
N3,10,15,0.045158,1068,1177,1.8603133678885593
N3,10,15,0.045158,1069,1178,1.989817725063701
N3,10,15,0.045158,1070,1179,2.1086161794531537
N3,10,15,0.045158,1071,1180,2.2156545258718854
N3,10,15,0.045158,1072,1181,2.2579576576271116
N3,10,15,0.045158,1073,1182,2.322971517744996
N3,10,15,0.045158,1074,1183,1.967380970784054
N3,10,15,0.045158,1075,1184,1.6796275857661016
N3,10,15,0.045158,1076,1185,1.3777067441068525
N3,10,15,0.045158,1077,1186,1.1414142353042405
N3,10,15,0.045158,1078,1187,0.7036186032500782
N3,10,15,0.045158,1079,1188,0.3902263647403264
N3,10,15,0.045158,1080,1189,0.22712099755656412
N3,10,15,0.045158,1081,1190,0.21280112667298384
N3,10,15,0.045158,1082,1191,0.32474947906561263
N3,10,15,0.045158,1083,1192,0.5645465218783022
N3,10,15,0.045158,1084,1193,0.3184289320881184
N3,10,15,0.045158,1085,1194,0.17697514901912353
N3,10,15,0.045158,1086,1195,0.1771397452115775
N3,10,15,0.045158,1087,1196,0.303342039854819
N3,10,15,0.045158,1088,1197,0.8059364552153148
N3,10,15,0.045158,1089,1198,1.5118381846811086
N3,10,15,0.045158,1090,1199,1.6744392692281345
N3,10,15,0.045158,1091,1200,1.846418213400888
N3,10,15,0.045158,1092,1201,2.0117717635207084
N3,10,15,0.045158,1093,1202,1.8060541239487877
N3,10,15,0.045158,1094,1203,1.5123733644698643
N3,10,15,0.045158,1095,1204,1.2630733646532242
N3,10,15,0.045158,1096,1205,1.1466793565712745
N3,10,15,0.045158,1097,1206,1.1148708652131751
N3,10,15,0.045158,1098,1207,1.1869969083605985
N3,10,15,0.045158,1099,1208,1.370946587329878
N3,10,15,0.045158,1100,1209,1.5771932280707706
N3,10,15,0.045158,1101,1210,1.9451813204970376
N3,10,15,0.045158,1102,1211,2.5415737247484755
N3,10,15,0.045158,1103,1212,3.14985072009869
N3,10,15,0.045158,1104,1213,3.7737918880430246
N3,10,15,0.045158,1105,1214,4.646457249903833
N3,10,15,0.045158,1106,1215,5.66719389394968
N3,10,15,0.045158,1107,1216,5.508178351392704
N3,10,15,0.045158,1108,1217,4.91174603305922
N3,10,15,0.045158,1109,1218,4.661549619346653
N3,10,15,0.045158,1110,1219,4.6083667321290545
N3,10,15,0.045158,1111,1220,4.848437100592311
N3,10,15,0.045158,1112,1221,5.224989067868739
N3,10,15,0.045158,1113,1222,4.342877068147669
N3,10,15,0.045158,1114,1223,3.5843694030265416
N3,10,15,0.045158,1115,1224,3.109411034138402
N3,10,15,0.045158,1116,1225,2.699837576222026
N3,10,15,0.045158,1117,1226,2.3029336784664713
N3,10,15,0.045158,1118,1227,2.1341031174575082
N3,10,15,0.045158,1119,1228,2.144044778507995
N3,10,15,0.045158,1120,1229,2.4160258742386933
N3,10,15,0.045158,1121,1230,2.8847035956828577
N3,10,15,0.045158,1122,1231,4.218974058410562
N3,10,15,0.045158,1123,1232,4.103457840340504
N3,10,15,0.045158,1124,1233,4.0392338756184
N3,10,15,0.045158,1125,1234,3.4822468335304997
N3,10,15,0.045158,1126,1235,3.0494166131816445
N3,10,15,0.045158,1127,1236,2.754911029730131
N3,10,15,0.045158,1128,1237,2.609835390725086
N3,10,15,0.045158,1129,1238,3.0097446135237043
N3,10,15,0.045158,1130,1239,3.44301415902807
N3,10,15,0.045158,1131,1240,3.8752575681837444
N3,10,15,0.045158,1132,1241,3.705552279223467
N3,10,15,0.045158,1133,1242,5.21407051427226
N3,10,15,0.045158,1134,1243,6.636828844001179
N3,10,15,0.045158,1135,1244,8.562780561390236
N3,10,15,0.045158,1136,1245,10.708187801842852
N3,10,15,0.045158,1137,1246,12.823388125883955
N3,10,15,0.045158,1138,1247,13.285733825374397
N3,10,15,0.045158,1139,1248,13.103314527062011
N3,10,15,0.045158,1140,1249,10.517079056937757
N3,10,15,0.045158,1141,1250,8.320589623166933
N3,10,15,0.045158,1142,1251,6.462457147152433
N3,10,15,0.045158,1143,1252,4.902050994045254
N3,10,15,0.045158,1144,1253,3.0478797575324297
N3,10,15,0.045158,1145,1254,1.6976480126382758
N3,10,15,0.045158,1146,1255,0.7783248870504058
N3,10,15,0.045158,1147,1256,0.2527918270679184
N3,10,15,0.045158,1148,1257,0.10478759374896156
N3,10,15,0.045158,1149,1258,0.06292044482187034
N3,10,15,0.045158,1150,1259,0.06493977282994533
N3,10,15,0.045158,1151,1260,0.0807075729928086
N3,10,15,0.045158,1152,1261,0.10982440490770894
N3,10,15,0.045158,1153,1262,0.18335045915290285
N3,10,15,0.045158,1154,1263,0.1884039277973199
N3,10,15,0.045158,1155,1264,0.22011329132337426
N3,10,15,0.045158,1156,1265,0.2710042952373767
N3,10,15,0.045158,1157,1266,0.4303784890399587
N3,10,15,0.045158,1158,1267,0.6944800137550454
N3,10,15,0.045158,1159,1268,0.8938871348632036
N3,10,15,0.045158,1160,1269,0.9391236259929421
N3,10,15,0.045158,1161,1270,0.9871019194115367
N3,10,15,0.045158,1162,1271,1.0279177943646323
N3,10,15,0.045158,1163,1272,0.824493237590829
N3,10,15,0.045158,1164,1273,0.8659606853022226
N3,10,15,0.045158,1165,1274,0.819873401332773
N3,10,15,0.045158,1166,1275,0.6157106913581688
N3,10,15,0.045158,1167,1276,0.7380064035089895
N3,10,15,0.045158,1168,1277,0.5710333058760699
N3,10,15,0.045158,1169,1278,0.6901346517634982
N3,10,15,0.045158,1170,1279,0.8658480214735815
N3,10,15,0.045158,1171,1280,1.133779918715319
N3,10,15,0.045158,1172,1281,1.4830224765338846
N3,10,15,0.045158,1173,1282,1.3209512215037602
N3,10,15,0.045158,1174,1283,1.404319863632929
N3,10,15,0.045158,1175,1284,1.5732324424248576
N3,10,15,0.045158,1176,1285,1.8694025357401653
N3,10,15,0.045158,1177,1286,2.2690704482034585
N3,10,15,0.045158,1178,1287,1.8062172098697464
N3,10,15,0.045158,1179,1288,1.4669424520319196
N3,10,15,0.045158,1180,1289,1.2120719412751044
N3,10,15,0.045158,1181,1290,1.0142048724979944
N3,10,15,0.045158,1182,1291,0.8577247504402832
N3,10,15,0.045158,1183,1292,0.7281600262244072
N3,10,15,0.045158,1184,1293,0.5637175024404473
N3,10,15,0.045158,1185,1294,0.42309819204359256
N3,10,15,0.045158,1186,1295,0.29776103631735373
N3,10,15,0.045158,1187,1296,0.21400571584084338
N3,10,15,0.045158,1188,1297,0.15983591703150068
N3,10,15,0.045158,1189,1298,0.24941353255548443
N3,10,15,0.045158,1190,1299,0.18047218650772792
N3,10,15,0.045158,1191,1300,0.15583446037567633
N3,10,15,0.045158,1192,1301,0.16990445443578023
N3,10,15,0.045158,1193,1302,0.34855082128778325
N3,10,15,0.045158,1194,1303,0.4078204178294166
N3,10,15,0.045158,1195,1304,0.4773454920328035
N3,10,15,0.045158,1196,1305,0.5587765804370513
N3,10,15,0.045158,1197,1306,0.6531411788779662
N3,10,15,0.045158,1198,1307,0.59474860529941
N3,10,15,0.045158,1199,1308,0.5181190366926519
N3,10,15,0.045158,1200,1309,0.47799550428192417
N3,10,15,0.045158,1201,1310,0.5170915579730695
N3,10,15,0.045158,1202,1311,0.6229543400911122
N3,10,15,0.045158,1203,1312,0.851464667764902
N3,10,15,0.045158,1204,1313,1.566008606354302
N3,10,15,0.045158,1205,1314,2.336987467382089
N3,10,15,0.045158,1206,1315,3.239993564987037
N3,10,15,0.045158,1207,1316,3.069257613427114
N3,10,15,0.045158,1208,1317,3.765949083874691
N3,10,15,0.045158,1209,1318,3.5989185593022484
N3,10,15,0.045158,1210,1319,3.4202815229340793
N3,10,15,0.045158,1211,1320,3.2645795299984695
N3,10,15,0.045158,1212,1321,3.3653574418204535
N3,10,15,0.045158,1213,1322,2.7154291220432967
N3,10,15,0.045158,1214,1323,2.173771888676578
N3,10,15,0.045158,1215,1324,1.8819873346206588
N3,10,15,0.045158,1216,1325,1.6439077146976118
N3,10,15,0.045158,1217,1326,2.388081851748702
N3,10,15,0.045158,1218,1327,3.148996364583464
N3,10,15,0.045158,1219,1328,4.631814478843079
N3,10,15,0.045158,1220,1329,6.031655777829192
N3,10,15,0.045158,1221,1330,7.522112766515818
N3,10,15,0.045158,1222,1331,8.6160116091337
N3,10,15,0.045158,1223,1332,8.687938222663636
N3,10,15,0.045158,1224,1333,6.636455330042558
N3,10,15,0.045158,1225,1334,4.992789966516847
N3,10,15,0.045158,1226,1335,3.6247270536365654
N3,10,15,0.045158,1227,1336,2.3092774514859875
N3,10,15,0.045158,1228,1337,1.1756801814685196
N3,10,15,0.045158,1229,1338,0.6759316571936909
N3,10,15,0.045158,1230,1339,0.7190271617417201
N3,10,15,0.045158,1231,1340,1.1454798381175837
N3,10,15,0.045158,1232,1341,1.7993164449583814
N3,10,15,0.045158,1233,1342,2.106935561220623
N3,10,15,0.045158,1234,1343,1.8306639246364005
N3,10,15,0.045158,1235,1344,1.9112640918337913
N3,10,15,0.045158,1236,1345,2.3537973995083536
N3,10,15,0.045158,1237,1346,3.1295139105230847
N3,10,15,0.045158,1238,1347,4.095021378704801
N3,10,15,0.045158,1239,1348,5.375809872505816
N3,10,15,0.045158,1240,1349,6.118573341149622
N3,10,15,0.045158,1241,1350,7.303392044814556
N3,10,15,0.045158,1242,1351,8.530350858883558
N3,10,15,0.045158,1243,1352,8.12038075811834
N3,10,15,0.045158,1244,1353,8.085435403751067
N3,10,15,0.045158,1245,1354,8.410084417723095
N3,10,15,0.045158,1246,1355,8.753641102414885
N3,10,15,0.045158,1247,1356,9.06499016260346
N3,10,15,0.045158,1248,1357,9.268523916638284
N3,10,15,0.045158,1249,1358,9.033512125220987
N3,10,15,0.045158,1250,1359,9.554414515144408
N3,10,15,0.045158,1251,1360,9.953266711749112
N3,10,15,0.045158,1252,1361,10.684828933314858
N3,10,15,0.045158,1253,1362,12.815383589749011
N3,10,15,0.045158,1254,1363,13.831283821118419
N3,10,15,0.045158,1255,1364,14.082337583685689
N3,10,15,0.045158,1256,1365,12.443882928731316
N3,10,15,0.045158,1257,1366,10.934868677822493
N3,10,15,0.045158,1258,1367,8.622331629886574
N3,10,15,0.045158,1259,1368,6.7164762276096805
N3,10,15,0.045158,1260,1369,5.5429556254293075
N3,10,15,0.045158,1261,1370,4.571915285294875
N3,10,15,0.045158,1262,1371,3.7180088074249027
N3,10,15,0.045158,1263,1372,2.8017949775225097
N3,10,15,0.045158,1264,1373,2.7798398578387395
N3,10,15,0.045158,1265,1374,2.7923925376990564
N3,10,15,0.045158,1266,1375,3.755311469791152
N3,10,15,0.045158,1267,1376,4.880480422903044
N3,10,15,0.045158,1268,1377,7.142958232675471
N3,10,15,0.045158,1269,1378,8.961587499526576
N3,10,15,0.045158,1270,1379,9.996865775622453
N3,10,15,0.045158,1271,1380,11.065464231563913
N3,10,15,0.045158,1272,1381,12.125283241684059
N3,10,15,0.045158,1273,1382,10.467319424531535
N3,10,15,0.045158,1274,1383,8.494707970946644
N3,10,15,0.045158,1275,1384,6.798040702703196
N3,10,15,0.045158,1276,1385,5.348799122289936
N3,10,15,0.045158,1277,1386,4.467884140118265
N3,10,15,0.045158,1278,1387,3.6889819756593867
N3,10,15,0.045158,1279,1388,3.506457640384338
N3,10,15,0.045158,1280,1389,3.5692883159919218
N3,10,15,0.045158,1281,1390,3.650607544531132
N3,10,15,0.045158,1282,1391,3.7529947026324484
N3,10,15,0.045158,1283,1392,5.975141477151643
N3,10,15,0.045158,1284,1393,8.051775514801056
N3,10,15,0.045158,1285,1394,9.94912446564297
N3,10,15,0.045158,1286,1395,11.968243477341048
N3,10,15,0.045158,1287,1396,13.471927978840665
N3,10,15,0.045158,1288,1397,14.513300885879133
N3,10,15,0.045158,1289,1398,13.138110979742812
N3,10,15,0.045158,1290,1399,11.91430082997825
N3,10,15,0.045158,1291,1400,10.812595884620404
N3,10,15,0.045158,1292,1401,9.824586262216298
N3,10,15,0.045158,1293,1402,8.427047759723287
N3,10,15,0.045158,1294,1403,7.652902823303151
N3,10,15,0.045158,1295,1404,7.280982405053965
N3,10,15,0.045158,1296,1405,7.320069458480528
N3,10,15,0.045158,1297,1406,7.378423708417776
N3,10,15,0.045158,1298,1407,7.542029244354563
N3,10,15,0.045158,1299,1408,8.827694451605604
N3,10,15,0.045158,1300,1409,9.85980952596465
N3,10,15,0.045158,1301,1410,11.604352331719275
N3,10,15,0.045158,1302,1411,13.503081469791542
N3,10,15,0.045158,1303,1412,14.732425336974716
N3,10,15,0.045158,1304,1413,15.051180068558175
N3,10,15,0.045158,1305,1414,15.87683818423129
N3,10,15,0.045158,1306,1415,15.19028305439739
N3,10,15,0.045158,1307,1416,15.528383169283064
N3,10,15,0.045158,1308,1417,14.12090002845975
N3,10,15,0.045158,1309,1418,12.97131037021783
N3,10,15,0.045158,1310,1419,12.097354689680808
N3,10,15,0.045158,1311,1420,11.028296681022846
N3,10,15,0.045158,1312,1421,10.400720775061338
N3,10,15,0.045158,1313,1422,9.536043406283525
N3,10,15,0.045158,1314,1423,8.180345525768052
N3,10,15,0.045158,1315,1424,6.983813847400551
N3,10,15,0.045158,1316,1425,6.092770343516175
N3,10,15,0.045158,1317,1426,5.486490311161392
N3,10,15,0.045158,1318,1427,5.128867576727125
N3,10,15,0.045158,1319,1428,4.839921549095987
N3,10,15,0.045158,1320,1429,4.601162859187875
N3,10,15,0.045158,1321,1430,4.740078433574603
N3,10,15,0.045158,1322,1431,4.150873828619477
N3,10,15,0.045158,1323,1432,3.7138160216165685
N3,10,15,0.045158,1324,1433,3.5021439676692574
N3,10,15,0.045158,1325,1434,3.384633885290994
N3,10,15,0.045158,1326,1435,3.248403376707924
N3,10,15,0.045158,1327,1436,3.1005503841461426
N3,10,15,0.045158,1328,1437,3.140723854094017
N3,10,15,0.045158,1329,1438,3.1895289978403967
N3,10,15,0.045158,1330,1439,3.2422082157935197
N3,10,15,0.045158,1331,1440,3.0848930541109087
N3,10,15,0.045158,1332,1441,3.6317635320829402
N3,10,15,0.045158,1333,1442,3.8938443558930524
N3,10,15,0.045158,1334,1443,4.188873722232082
N3,10,15,0.045158,1335,1444,4.336298742845507
N3,10,15,0.045158,1336,1445,4.317901425961162
N3,10,15,0.045158,1337,1446,4.389427440747803
N3,10,15,0.045158,1338,1447,4.500126747241104
N3,10,15,0.045158,1339,1448,5.1412844091167305
N3,10,15,0.045158,1340,1449,4.8589064402620705
N3,10,15,0.045158,1341,1450,4.633040878122481
N3,10,15,0.045158,1342,1451,4.231476458069059
N3,10,15,0.045158,1343,1452,4.516078514819762
N3,10,15,0.045158,1344,1453,4.296793160086071
N3,10,15,0.045158,1345,1454,4.0724074706774305
N3,10,15,0.045158,1346,1455,3.936470554243433
N3,10,15,0.045158,1347,1456,3.738087953142193
N3,10,15,0.045158,1348,1457,3.199689772811603
N3,10,15,0.045158,1349,1458,2.814773823517328
N3,10,15,0.045158,1350,1459,2.761835898773019
N3,10,15,0.045158,1351,1460,2.7083673261206394
N3,10,15,0.045158,1352,1461,2.6531384156597158
N3,10,15,0.045158,1353,1462,2.5485070051316705
N3,10,15,0.045158,1354,1463,2.7057919182326375
N3,10,15,0.045158,1355,1464,2.9011871791071444
N3,10,15,0.045158,1356,1465,3.130446351340484
N3,10,15,0.045158,1357,1466,2.8903878299665395
N3,10,15,0.045158,1358,1467,3.083951381608251
N3,10,15,0.045158,1359,1468,2.9531279330103497
N3,10,15,0.045158,1360,1469,3.0408860810197647
N3,10,15,0.045158,1361,1470,3.163971735744468
N3,10,15,0.045158,1362,1471,3.305668308459791
N3,10,15,0.045158,1363,1472,2.578665319283021
N3,10,15,0.045158,1364,1473,2.1814760624467393
N3,10,15,0.045158,1365,1474,2.037168831735273
N3,10,15,0.045158,1366,1475,2.128671073387013
N3,10,15,0.045158,1367,1476,2.059033896796235
N3,10,15,0.045158,1368,1477,2.072505531628975
N3,10,15,0.045158,1369,1478,1.850245955927519
N3,10,15,0.045158,1370,1479,1.7749068179478629
N3,10,15,0.045158,1371,1480,1.8303008692849996
N3,10,15,0.045158,1372,1481,2.038600897451722
N3,10,15,0.045158,1373,1482,2.2311456036351625
N3,10,15,0.045158,1374,1483,2.691149929980596
N3,10,15,0.045158,1375,1484,3.6045984678504976
N3,10,15,0.045158,1376,1485,3.590496042968123
N3,10,15,0.045158,1377,1486,3.665904194030466
N3,10,15,0.045158,1378,1487,3.3637078957728304
N3,10,15,0.045158,1379,1488,3.2118413970664883
N3,10,15,0.045158,1380,1489,3.1795920058749747
N3,10,15,0.045158,1381,1490,3.1702582391892693
N3,10,15,0.045158,1382,1491,3.294435354378465
N3,10,15,0.045158,1383,1492,3.276063443498817
N3,10,15,0.045158,1384,1493,3.585610701862932
N3,10,15,0.045158,1385,1494,4.040205490244018
N3,10,15,0.045158,1386,1495,5.154727774260619
N3,10,15,0.045158,1387,1496,5.900957784823877
N3,10,15,0.045158,1388,1497,6.9238646388225575
N3,10,15,0.045158,1389,1498,7.472360722620594
N3,10,15,0.045158,1390,1499,7.902280690760174
N3,10,15,0.045158,1391,1500,8.204690338076167
N3,10,15,0.045158,1392,1501,7.9238577520689235
N3,10,15,0.045158,1393,1502,7.685027117725565
N3,10,15,0.045158,1394,1503,7.729230457193903
N3,10,15,0.045158,1395,1504,7.989989275704907
N3,10,15,0.045158,1396,1505,8.402821636599363
N3,10,15,0.045158,1397,1506,8.228357330909166
N3,10,15,0.045158,1398,1507,8.048978762054968
N3,10,15,0.045158,1399,1508,7.36638757429846
N3,10,15,0.045158,1400,1509,6.442455484803629
N3,10,15,0.045158,1401,1510,5.552067043565545
N3,10,15,0.045158,1402,1511,4.104430282284044
N3,10,15,0.045158,1403,1512,3.188470688969288
N3,10,15,0.045158,1404,1513,2.919379740527704
N3,10,15,0.045158,1405,1514,2.8877376788180404
N3,10,15,0.045158,1406,1515,3.094110036918001
N3,10,15,0.045158,1407,1516,3.3534288483565295
N3,10,15,0.045158,1408,1517,3.432289190424493
N3,10,15,0.045158,1409,1518,3.283538436413248
N3,10,15,0.045158,1410,1519,3.361812930993132
N3,10,15,0.045158,1411,1520,3.8105169912966983
N3,10,15,0.045158,1412,1521,4.37001251319939
N3,10,15,0.045158,1413,1522,4.709467217695625
N3,10,15,0.045158,1414,1523,4.600309480526653
N3,10,15,0.045158,1415,1524,4.416891251478391
N3,10,15,0.045158,1416,1525,4.219494567081854
N3,10,15,0.045158,1417,1526,4.023697942502252
N3,10,15,0.045158,1418,1527,3.723793465115282
N3,10,15,0.045158,1419,1528,3.082474095924873
N3,10,15,0.045158,1420,1529,2.7472307613502083
N3,10,15,0.045158,1421,1530,2.656985619376635
N3,10,15,0.045158,1422,1531,2.792487156907711
N3,10,15,0.045158,1423,1532,2.556530097425009
N3,10,15,0.045158,1424,1533,2.3666729264525213
N3,10,15,0.045158,1425,1534,1.9264860621472168
N3,10,15,0.045158,1426,1535,1.696400315558832
N3,10,15,0.045158,1427,1536,1.6563527428117302
N3,10,15,0.045158,1428,1537,1.0820911287966695
N3,10,15,0.045158,1429,1538,0.7831860300907962
N3,10,15,0.045158,1430,1539,0.7144101640659597
N3,10,15,0.045158,1431,1540,0.8138036949400533
N3,10,15,0.045158,1432,1541,1.0746559553548805
N3,10,15,0.045158,1433,1542,1.2510516265809821
N3,10,15,0.045158,1434,1543,1.8917564780288525
N3,10,15,0.045158,1435,1544,2.0522132045534875
N3,10,15,0.045158,1436,1545,2.3768359199550386
N3,10,15,0.045158,1437,1546,2.8346781838959423
N3,10,15,0.045158,1438,1547,2.4040713785072043
N3,10,15,0.045158,1439,1548,2.091444052777725
N3,10,15,0.045158,1440,1549,1.8129993704971366
N3,10,15,0.045158,1441,1550,1.5676370972283433
N3,10,15,0.045158,1442,1551,1.7326643239185326
N3,10,15,0.045158,1443,1552,1.9441338632779699
N3,10,15,0.045158,1444,1553,1.807709944816454
N3,10,15,0.045158,1445,1554,1.5353333251765031
N3,10,15,0.045158,1446,1555,1.315717556795448
N3,10,15,0.045158,1447,1556,1.1566002218309772
N3,10,15,0.045158,1448,1557,0.7324766696638155
N3,10,15,0.045158,1449,1558,0.7358223651141064
N3,10,15,0.045158,1450,1559,0.7640711888534417
N3,10,15,0.045158,1451,1560,0.8353959974035223
N3,10,15,0.045158,1452,1561,0.5498782127873965
N3,10,15,0.045158,1453,1562,0.5617444274614913
N3,10,15,0.045158,1454,1563,0.6243957560217813
N3,10,15,0.045158,1455,1564,0.7217701572873468
N3,10,15,0.045158,1456,1565,0.835712848234594
N3,10,15,0.045158,1457,1566,0.9491650105175256
N3,10,15,0.045158,1458,1567,0.9352724694611342
N3,10,15,0.045158,1459,1568,1.011777689275772
N3,10,15,0.045158,1460,1569,1.0810078303113213
N3,10,15,0.045158,1461,1570,1.1424800315145043
N3,10,15,0.045158,1462,1571,1.1957692926792387
N3,10,15,0.045158,1463,1572,1.3242949238731003
N3,10,15,0.045158,1464,1573,1.1699909396029144
N3,10,15,0.045158,1465,1574,0.9606324239034193
N3,10,15,0.045158,1466,1575,0.791139085581198
N3,10,15,0.045158,1467,1576,0.6549204643217051
N3,10,15,0.045158,1468,1577,0.6154492922554763
N3,10,15,0.045158,1469,1578,0.3951923186059511
N3,10,15,0.045158,1470,1579,0.24995128103885506
N3,10,15,0.045158,1471,1580,0.17742458916923845
N3,10,15,0.045158,1472,1581,0.17781408311952102
N3,10,15,0.045158,1473,1582,0.24120610170301726
N3,10,15,0.045158,1474,1583,0.5141196528281685
N3,10,15,0.045158,1475,1584,0.5555576773011597
N3,10,15,0.045158,1476,1585,0.5874940815815672
N3,10,15,0.045158,1477,1586,0.746472932407902
N3,10,15,0.045158,1478,1587,1.0386362298522334
N3,10,15,0.045158,1479,1588,1.1694376649157234
N3,10,15,0.045158,1480,1589,1.3963532282734543
N3,10,15,0.045158,1481,1590,1.6212410202568028
N3,10,15,0.045158,1482,1591,1.7680718795086472
N3,10,15,0.045158,1483,1592,1.7361018960731542
N3,10,15,0.045158,1484,1593,1.7935501934973983
N3,10,15,0.045158,1485,1594,2.1828361685783144
N3,10,15,0.045158,1486,1595,2.7208352085088774
N3,10,15,0.045158,1487,1596,3.0997679001514618
N3,10,15,0.045158,1488,1597,3.668159292628955
N3,10,15,0.045158,1489,1598,4.546570802097574
N3,10,15,0.045158,1490,1599,5.6224950338024495
N3,10,15,0.045158,1491,1600,7.011775332117086
N3,10,15,0.045158,1492,1601,7.2877388755637345
N3,10,15,0.045158,1493,1602,7.602680917938548
N3,10,15,0.045158,1494,1603,7.163601154341024
N3,10,15,0.045158,1495,1604,6.615589765912462
N3,10,15,0.045158,1496,1605,6.397754912129862
N3,10,15,0.045158,1497,1606,6.4941066103624685
N3,10,15,0.045158,1498,1607,6.363938644235731
N3,10,15,0.045158,1499,1608,6.7847468021721715
N3,10,15,0.045158,1500,1609,7.7354612454653475
N3,10,15,0.045158,1501,1610,9.203694796548525
N3,10,15,0.045158,1502,1611,10.7731668456842
N3,10,15,0.045158,1503,1612,10.906074585311961
N3,10,15,0.045158,1504,1613,10.920131049333389
N3,10,15,0.045158,1505,1614,11.046796001347271
N3,10,15,0.045158,1506,1615,11.347010167678858
N3,10,15,0.045158,1507,1616,11.78519387394996
N3,10,15,0.045158,1508,1617,12.0340843111751
N3,10,15,0.045158,1509,1618,12.001506357278414
N3,10,15,0.045158,1510,1619,11.842732427297264
N3,10,15,0.045158,1511,1620,11.75882221301883
N3,10,15,0.045158,1512,1621,11.613280135743368
N3,10,15,0.045158,1513,1622,11.19929484948042
N3,10,15,0.045158,1514,1623,10.72010657900027
N3,10,15,0.045158,1515,1624,10.161618756870796
N3,10,15,0.045158,1516,1625,9.553677896597668
N3,10,15,0.045158,1517,1626,8.957022965836561
N3,10,15,0.045158,1518,1627,8.003504326920885
N3,10,15,0.045158,1519,1628,7.1040673936652246
N3,10,15,0.045158,1520,1629,6.480487739404062
N3,10,15,0.045158,1521,1630,6.109712894022142
N3,10,15,0.045158,1522,1631,5.8737517005087465
N3,10,15,0.045158,1523,1632,6.345476283746475
N3,10,15,0.045158,1524,1633,6.502401261739277
N3,10,15,0.045158,1525,1634,5.90964285114691
N3,10,15,0.045158,1526,1635,5.320302063016076
N3,10,15,0.045158,1527,1636,4.892997197928404
N3,10,15,0.045158,1528,1637,4.410366354211148
N3,10,15,0.045158,1529,1638,4.2012305476319955
N3,10,15,0.045158,1530,1639,4.147575872665995
N3,10,15,0.045158,1531,1640,4.190584962269895
N3,10,15,0.045158,1532,1641,4.284521362293715
N3,10,15,0.045158,1533,1642,4.492656590124839
N3,10,15,0.045158,1534,1643,4.282303204330456
N3,10,15,0.045158,1535,1644,3.7537863756986396
N3,10,15,0.045158,1536,1645,3.52550609622613
N3,10,15,0.045158,1537,1646,3.640192000141413
N3,10,15,0.045158,1538,1647,4.461749095507796
N3,10,15,0.045158,1539,1648,5.169992672147973
N3,10,15,0.045158,1540,1649,5.957827756469182
N3,10,15,0.045158,1541,1650,5.5350082182499545
N3,10,15,0.045158,1542,1651,5.250490555059416
N3,10,15,0.045158,1543,1652,4.326769447271325
N3,10,15,0.045158,1544,1653,2.945997774573462
N3,10,15,0.045158,1545,1654,2.314160308104787
N3,10,15,0.045158,1546,1655,2.4343243615518353
N3,10,15,0.045158,1547,1656,3.226117482091579
N3,10,15,0.045158,1548,1657,4.62399141628209
N3,10,15,0.045158,1549,1658,5.7682582007828005
N3,10,15,0.045158,1550,1659,6.5514703149746305
N3,10,15,0.045158,1551,1660,5.776980296968506
N3,10,15,0.045158,1552,1661,5.011652907677089
N3,10,15,0.045158,1553,1662,3.7778422143566566
N3,10,15,0.045158,1554,1663,2.519720825900144
N3,10,15,0.045158,1555,1664,1.7393663433599975
N3,10,15,0.045158,1556,1665,1.5493947191576165
N3,10,15,0.045158,1557,1666,1.9285214272912161
N3,10,15,0.045158,1558,1667,1.9206168782949617
N3,10,15,0.045158,1559,1668,1.9643652305349537
N3,10,15,0.045158,1560,1669,2.0535171080902934
N3,10,15,0.045158,1561,1670,2.3409611847495424
N3,10,15,0.045158,1562,1671,2.8244846675531177
N3,10,15,0.045158,1563,1672,3.3026677044084702
N3,10,15,0.045158,1564,1673,3.7770212150921925
N3,10,15,0.045158,1565,1674,4.005873866296396
N3,10,15,0.045158,1566,1675,4.233917184793851
N3,10,15,0.045158,1567,1676,4.369610588292893
N3,10,15,0.045158,1568,1677,4.204270895961162
N3,10,15,0.045158,1569,1678,4.284983031004778
N3,10,15,0.045158,1570,1679,4.631966529593174
N3,10,15,0.045158,1571,1680,5.157650107043692
N3,10,15,0.045158,1572,1681,5.82233060749455
N3,10,15,0.045158,1573,1682,6.139084244335363
N3,10,15,0.045158,1574,1683,5.033145767341594
N3,10,15,0.045158,1575,1684,3.9990956998690166
N3,10,15,0.045158,1576,1685,3.1566563408900734
N3,10,15,0.045158,1577,1686,2.4698983172919213
N3,10,15,0.045158,1578,1687,1.8157827005323433
N3,10,15,0.045158,1579,1688,1.5643979567835824
N3,10,15,0.045158,1580,1689,1.34511086003392
N3,10,15,0.045158,1581,1690,1.1624111304027607
N3,10,15,0.045158,1582,1691,1.025812973178442
N3,10,15,0.045158,1583,1692,1.1994622836753712
N3,10,15,0.045158,1584,1693,1.7382891491581072
N3,10,15,0.045158,1585,1694,2.434422574882981
N3,10,15,0.045158,1586,1695,3.2759088769708935
N3,10,15,0.045158,1587,1696,4.266897400261643
N3,10,15,0.045158,1588,1697,4.408235636038386
N3,10,15,0.045158,1589,1698,4.548909780075716
N3,10,15,0.045158,1590,1699,4.4092715221088525
N3,10,15,0.045158,1591,1700,3.2291873471788337
N3,10,15,0.045158,1592,1701,2.406578378225025
N3,10,15,0.045158,1593,1702,1.8070351363677348
N3,10,15,0.045158,1594,1703,1.7910087726996635
N3,10,15,0.045158,1595,1704,1.818420206181463
N3,10,15,0.045158,1596,1705,1.8235522359305816
N3,10,15,0.045158,1597,1706,1.8055117669597376
N3,10,15,0.045158,1598,1707,2.084455593683434
N3,10,15,0.045158,1599,1708,1.8926164379573518
N3,10,15,0.045158,1600,1709,1.8297030428942969
N3,10,15,0.045158,1601,1710,1.9852626418055492
N3,10,15,0.045158,1602,1711,2.2372962829486163
N3,10,15,0.045158,1603,1712,2.2751643545335956
N3,10,15,0.045158,1604,1713,2.36037401263951
N3,10,15,0.045158,1605,1714,2.4191919686800247
N3,10,15,0.045158,1606,1715,2.507481453270512
N3,10,15,0.045158,1607,1716,1.8982975800985429
N3,10,15,0.045158,1608,1717,1.4637914746019551
N3,10,15,0.045158,1609,1718,1.506995434510352
N3,10,15,0.045158,1610,1719,1.571707110978819
N3,10,15,0.045158,1611,1720,1.6225836462773024
N3,10,15,0.045158,1612,1721,1.5723863988447775
N3,10,15,0.045158,1613,1722,1.9265828469786213
N3,10,15,0.045158,1614,1723,1.778774047999379
N3,10,15,0.045158,1615,1724,1.811294938881864
N3,10,15,0.045158,1616,1725,1.978548629290315
N3,10,15,0.045158,1617,1726,3.1011536760091865
N3,10,15,0.045158,1618,1727,3.804027964690002
N3,10,15,0.045158,1619,1728,4.6199136043340125
N3,10,15,0.045158,1620,1729,5.213563059569161
N3,10,15,0.045158,1621,1730,6.202190420214004
N3,10,15,0.045158,1622,1731,7.227917186595031
N3,10,15,0.045158,1623,1732,7.961838186221329
N3,10,15,0.045158,1624,1733,7.673434795445623
N3,10,15,0.045158,1625,1734,7.363793806753938
N3,10,15,0.045158,1626,1735,6.992472470298906
N3,10,15,0.045158,1627,1736,7.04679406990511
N3,10,15,0.045158,1628,1737,7.388536600971002
N3,10,15,0.045158,1629,1738,7.468473422972708
N3,10,15,0.045158,1630,1739,7.988315300629787
N3,10,15,0.045158,1631,1740,8.747674647603482
N3,10,15,0.045158,1632,1741,9.809201251588805
N3,10,15,0.045158,1633,1742,9.150592663352155
N3,10,15,0.045158,1634,1743,8.156973407763331
N3,10,15,0.045158,1635,1744,7.305827851741656
N3,10,15,0.045158,1636,1745,6.70348618962067
N3,10,15,0.045158,1637,1746,6.186681391415512
N3,10,15,0.045158,1638,1747,5.746688329473522
N3,10,15,0.045158,1639,1748,5.502576664616997
N3,10,15,0.045158,1640,1749,4.964658330852791
N3,10,15,0.045158,1641,1750,4.497607322186363
N3,10,15,0.045158,1642,1751,4.091933340022986
N3,10,15,0.045158,1643,1752,3.70412725010353
N3,10,15,0.045158,1644,1753,3.1909468374824463
N3,10,15,0.045158,1645,1754,2.7211563466316613
N3,10,15,0.045158,1646,1755,2.1295623705067115
N3,10,15,0.045158,1647,1756,1.6190359722065994
N3,10,15,0.045158,1648,1757,1.2753642172003343
N3,10,15,0.045158,1649,1758,1.0553267552149395
N3,10,15,0.045158,1650,1759,0.7315047441901749
N3,10,15,0.045158,1651,1760,0.48428059366592735
N3,10,15,0.045158,1652,1761,0.3116516470455689
N3,10,15,0.045158,1653,1762,0.1980732430040009
N3,10,15,0.045158,1654,1763,0.1882275434431533
N3,10,15,0.045158,1655,1764,0.3019987481538803
N3,10,15,0.045158,1656,1765,0.5005647483918219
N3,10,15,0.045158,1657,1766,0.39426985521082347
N3,10,15,0.045158,1658,1767,0.5332231910741081
N3,10,15,0.045158,1659,1768,0.49460369693697315
N3,10,15,0.045158,1660,1769,0.5285384742520937
N3,10,15,0.045158,1661,1770,0.6415286702264708
N3,10,15,0.045158,1662,1771,0.7425791741412987
